ID,TitleDepartment
ID,TitleDepartment
ID,TitleDepartment
ID,TitleDepartment
ID,TitleDepartment
ID,TitleDepartment
ID,TitleDepartment
ID,TitleDepartment
ID,TitleDepartment
ID,TitleDepartment
a2d75638-d0dc-45bb-a643-47d89f3fdb93,Молодежи и Спорта
ID,TitleDepartment
de7d6703-430a-4c2c-8803-5fb1a116a055,Молодежи и Спорта
ID,TitleDepartment
87836d2a-5768-4cd0-9d1d-922b9986dda3,Молодежи и Спорта
ID,TitleDepartment
384b9d48-df44-43f9-aced-6a394123271c,Молодежи и Спорта
ID,TitleDepartment
d1c54079-76c3-4cea-b3c7-32063fc01bd8,Молодежи и Спорта
ID,TitleDepartment
6359c293-b6d7-4680-9b26-156d6d0c5472,Молодежи и Спорта
