id,name,lastName,age
66b78a8a-1ef3-4a10-9a02-9eb06dfbd266,Iegor,Funusov,30
e457ef39-c057-49f3-9054-d5777dd417c2,Oleg,Rastvorcev,40
220fd766-608d-4b9d-9e90-38defdc36515,Sergey,Shepelev,26
1b24b360-0314-4e7f-939e-ff14d5ce376e,Dima,Solovey,50
54ffe509-52e9-491b-b93e-40dbc39dbae6,Igor,Vasiliev,28
086f0e5e-4a1c-48a0-a252-34f317a4c097,Irina,rastvorceva,27
0684e30b-1d88-49cc-8884-ee6053c1839a,Oleg,Noskov,28
b15af1cf-3e2c-4593-ba10-50eca9ae3745,Sergey,Vasiliev,30
856a996b-3d50-4703-bdba-668d88f2c426,Iegor,Funtusov,30
e517d530-31de-40fc-8d12-4ce31b0c516c,Sergey,Noskov,45
ac69882e-d3f9-405f-b842-0d9de8ac5262,Natalia,Razanova,21
2614e590-3ddf-4742-872a-f5aaea28badd,Olga,Rotova,25
354e7aea-33c3-4344-b241-4557004030cd,Igor,Lastname,50
a0e86b62-48bf-4290-ab3a-9b521cd6827b,Olga,Redina,25
27066d83-8ced-4e76-9655-1a674425cdc5,Vera,Bazileva,28
